<?xml version="1.0" encoding="UTF-8"?>
<project-private xmlns="http://www.netbeans.org/ns/project-private/1">
    <editor-bookmarks xmlns="http://www.netbeans.org/ns/editor-bookmarks/2" lastBookmarkId="0"/>
    <open-files xmlns="http://www.netbeans.org/ns/projectui-open-files/2">
        <group>
            <file>file:/C:/Users/mbeat/OneDrive/Área%20de%20Trabalho/Faculdade/3º%20semestre/Linguagem%20de%20Programação/Projetos/Projeto_3/Projeto_3/src/br/com/projeto_3/dao/VendaDAO.java</file>
            <file>file:/C:/Users/mbeat/OneDrive/Área%20de%20Trabalho/Faculdade/3º%20semestre/Linguagem%20de%20Programação/Projetos/Projeto_3/Projeto_3/src/br/com/projeto_3/ctr/VendaCTR.java</file>
            <file>file:/C:/Users/mbeat/OneDrive/Área%20de%20Trabalho/Faculdade/3º%20semestre/Linguagem%20de%20Programação/Projetos/Projeto_3/Projeto_3/src/br/com/projeto_3/view/VendaVIEW.java</file>
            <file>file:/C:/Users/mbeat/OneDrive/Área%20de%20Trabalho/Faculdade/3º%20semestre/Linguagem%20de%20Programação/Projetos/Projeto_3/Projeto_3/src/br/com/projeto_3/view/ProdutoVIEW.java</file>
            <file>file:/C:/Users/mbeat/OneDrive/Área%20de%20Trabalho/Faculdade/3º%20semestre/Linguagem%20de%20Programação/Projetos/Projeto_3/Projeto_3/src/br/com/projeto_3/dto/VendaDTO.java</file>
            <file>file:/C:/Users/mbeat/OneDrive/Área%20de%20Trabalho/Faculdade/3º%20semestre/Linguagem%20de%20Programação/Projetos/Projeto_3/Projeto_3/src/br/com/projeto_3/view/PrincipalVIEW.java</file>
            <file>file:/C:/Users/mbeat/OneDrive/Área%20de%20Trabalho/Faculdade/3º%20semestre/Linguagem%20de%20Programação/Projetos/Projeto_3/Projeto_3/src/br/com/projeto_3/dao/ProdutoDAO.java</file>
        </group>
    </open-files>
</project-private>
